event_id,CAR_0_3,CAR_0_10,CAR_0_30,vix_baseline,vix_event,excess_vix,rv_event,rv_baseline,excess_realized_vol
9,0.009594925913726321,0.006517589972065531,-0.05471528105503648,25.231833457946777,19.1875,-6.044333457946777,0.009273903194461839,,
10,0.009594925913726321,0.006517589972065531,-0.05471528105503648,25.231833457946777,19.1875,-6.044333457946777,0.009273903194461839,,
11,-0.02648838636676533,-0.0475872898813863,-0.03778080358183014,20.79766651789347,23.115000247955322,2.3173337300618506,0.012526751800444571,,
12,-0.02648838636676533,-0.0475872898813863,-0.03778080358183014,20.79766651789347,23.115000247955322,2.3173337300618506,0.012526751800444571,,
13,-0.007683913665810865,0.0072510484169255665,0.02449331722510254,21.23083324432373,23.15250015258789,1.9216669082641609,0.014796326932212453,,
14,0.022985417607427616,0.041049731176574414,0.010409050788743171,21.826499907175698,20.875,-0.9514999071756982,0.014064209155943884,,
15,0.022985417607427616,0.041049731176574414,0.010409050788743171,21.826499907175698,20.875,-0.9514999071756982,0.014064209155943884,,
16,0.054666165742623646,-0.012193983759383568,-0.208982302364361,22.50566660563151,32.922499656677246,10.416833051045735,0.032508315434889155,,
17,0.054666165742623646,-0.012193983759383568,-0.208982302364361,22.50566660563151,32.922499656677246,10.416833051045735,0.032508315434889155,,
18,-0.08164914416233417,-0.18045547964298614,-0.250732590950896,23.62633326848348,42.795000076293945,19.168666807810464,0.043672649158607926,,
19,-0.15273950019721705,-0.07707071518506174,-0.1388321051904341,24.849166584014892,61.26999855041504,36.420831966400144,0.048726120455949665,,
20,-0.15273950019721705,-0.07707071518506174,-0.1388321051904341,24.849166584014892,61.26999855041504,36.420831966400144,0.048726120455949665,,
21,0.04415552807194653,-0.05144913812807484,0.05874092449400323,33.10883324940999,61.607500076293945,28.498666826883955,0.04797091425824457,,
22,0.04415552807194653,-0.05144913812807484,0.05874092449400323,33.10883324940999,61.607500076293945,28.498666826883955,0.04797091425824457,,
23,0.04326461323084334,0.09766072659280003,0.11449184001990595,56.55533326466878,48.61999988555908,-7.9353333791097,0.02796195629831336,,
24,0.04326461323084334,0.09766072659280003,0.11449184001990595,56.55533326466878,48.61999988555908,-7.9353333791097,0.02796195629831336,,
25,-0.012905149760544632,-0.0039699636200300915,-0.14141222524035377,57.843166732788085,49.11750030517578,-8.725666427612303,0.023746391497658413,,
26,-0.017080282967011813,0.00548915717534753,-0.06347469150017335,56.122833315531416,43.16250038146973,-12.96033293406169,0.02425962939428475,,
27,-0.017080282967011813,0.00548915717534753,-0.06347469150017335,56.122833315531416,43.16250038146973,-12.96033293406169,0.02425962939428475,,
28,-0.02875512239731855,-0.08763464061997624,0.006479418419607617,53.050666681925456,44.022499084472656,-9.0281675974528,0.024550729301779168,,
29,0.037429368142167366,0.1067031857118852,0.28834229248963544,46.325833320617676,42.607500076293945,-3.7183332443237305,0.02825538912457647,,
30,0.037429368142167366,0.1067031857118852,0.28834229248963544,46.325833320617676,42.607500076293945,-3.7183332443237305,0.02825538912457647,,
31,0.057681250068477866,0.0291256639760321,0.08864161485277341,43.41383323669434,35.60249996185303,-7.81133327484131,0.01824716348554203,,
32,0.057681250068477866,0.0291256639760321,0.08864161485277341,43.41383323669434,35.60249996185303,-7.81133327484131,0.01824716348554203,,
33,-0.020199449397138934,-0.07588448014576957,-0.11471363435765082,38.8575000445048,30.14750051498413,-8.709999529520672,0.01436822033312938,,
34,0.02385857730252383,-0.04534367891943651,0.019486459904621646,34.91883331934611,26.672500133514404,-8.246333185831709,0.013776418919845212,,
35,0.02385857730252383,-0.04534367891943651,0.019486459904621646,34.91883331934611,26.672500133514404,-8.246333185831709,0.013776418919845212,,
36,-0.009647168573660986,0.0022418750190437153,0.0004462067095676904,28.545166778564454,25.105000019073486,-3.4401667594909675,0.010485568987058285,,
37,-0.009647168573660986,0.0022418750190437153,0.0004462067095676904,28.545166778564454,25.105000019073486,-3.4401667594909675,0.010485568987058285,,
38,-0.028119871371572708,-0.03382154972584957,-0.0871264275810009,26.03916670481364,24.28250026702881,-1.7566664377848298,0.010059898598046417,,
39,-0.028119871371572708,-0.03382154972584957,-0.0871264275810009,26.03916670481364,24.28250026702881,-1.7566664377848298,0.010059898598046417,,
40,0.04066655999612154,0.04898073956714678,0.016922946625566423,24.669500064849853,25.12249994277954,0.4529998779296882,0.012525151998981859,,
41,0.04066655999612154,0.04898073956714678,0.016922946625566423,24.669500064849853,25.12249994277954,0.4529998779296882,0.012525151998981859,,
42,-0.014263983841937337,0.0006453133020264247,-0.06593628428751906,23.891333389282227,21.55500030517578,-2.336333084106446,0.007084828400824382,,
43,-0.014263983841937337,0.0006453133020264247,-0.06593628428751906,23.891333389282227,21.55500030517578,-2.336333084106446,0.007084828400824382,,
44,-0.00684602849297429,-0.033569776440549974,0.01992290915614168,22.01516663233439,23.519999980926514,1.504833348592122,0.011847414871862463,,
45,-0.00684602849297429,-0.033569776440549974,0.01992290915614168,22.01516663233439,23.519999980926514,1.504833348592122,0.011847414871862463,,
46,0.0053447694425115995,0.011934190981498739,0.013316375054409444,21.104833285013836,17.047500133514404,-4.0573331514994315,0.004853351729027973,,
47,0.0053447694425115995,0.011934190981498739,0.013316375054409444,21.104833285013836,17.047500133514404,-4.0573331514994315,0.004853351729027973,,
48,0.008850403854259885,-0.028646172807396772,-0.13729783070363816,19.550166654586793,20.44000005722046,0.8898334026336663,0.015241614335413786,,
49,0.008850403854259885,-0.028646172807396772,-0.13729783070363816,19.550166654586793,20.44000005722046,0.8898334026336663,0.015241614335413786,,
50,0.035835890569340764,-0.04844955021657698,-0.054587300519174264,18.9524999777476,27.34000015258789,8.38750017484029,0.018827425423808213,,
51,0.035835890569340764,-0.04844955021657698,-0.054587300519174264,18.9524999777476,27.34000015258789,8.38750017484029,0.018827425423808213,,
52,-0.016498738718414428,-0.0159451342533745,0.04775648546387046,24.87016666730245,28.545000076293945,3.6748334089914962,0.014627443712865517,,
53,-0.016498738718414428,-0.0159451342533745,0.04775648546387046,24.87016666730245,28.545000076293945,3.6748334089914962,0.014627443712865517,,
54,-0.0438581800776113,-0.06931794452403214,0.006787965001845527,29.23149995803833,24.932499885559082,-4.299000072479249,0.01158495853689693,,
55,-0.0438581800776113,-0.06931794452403214,0.006787965001845527,29.23149995803833,24.932499885559082,-4.299000072479249,0.01158495853689693,,
56,0.004853058940238589,0.014703638851405394,0.04084040946369125,25.357666524251304,22.610000133514404,-2.7476663907368994,0.00911738874931413,,
57,0.004853058940238589,0.014703638851405394,0.04084040946369125,25.357666524251304,22.610000133514404,-2.7476663907368994,0.00911738874931413,,
58,-1.4933810743376907e-05,-0.0022182789294419433,-0.01703463949574424,23.682499885559082,19.635000228881836,-4.047499656677246,0.007361831645469418,,
59,0.0211134433850364,-0.02211484228302818,0.013744411929899662,22.67199993133545,18.65750026702881,-4.014499664306641,0.008039636871300063,,
60,0.0211134433850364,-0.02211484228302818,0.013744411929899662,22.67199993133545,18.65750026702881,-4.014499664306641,0.008039636871300063,,
61,-0.0037192682032306562,-0.0024110271286444046,-0.003821232357743184,20.654333368937174,17.262500286102295,-3.3918330828348786,0.005630435512651057,,
62,-0.0037192682032306562,-0.0024110271286444046,-0.003821232357743184,20.654333368937174,17.262500286102295,-3.3918330828348786,0.005630435512651057,,
63,-0.010112733126409507,0.005729858971254183,-0.04490316777026545,18.585333363215128,18.09000015258789,-0.495333210627237,0.006907032286839,,
64,-0.010112733126409507,0.005729858971254183,-0.04490316777026545,18.585333363215128,18.09000015258789,-0.495333210627237,0.006907032286839,,
65,-0.017641589332625777,0.005796755655646586,0.011373997719555894,17.525499963760375,26.132500171661377,8.607000207901002,0.010008647712458235,,
66,-0.017641589332625777,0.005796755655646586,0.011373997719555894,17.525499963760375,26.132500171661377,8.607000207901002,0.010008647712458235,,
67,0.009200853677492035,-0.006924122854308054,-0.05289018157817078,18.64316660563151,15.177500009536743,-3.465666596094767,0.006359124451950883,,
68,0.009200853677492035,-0.006924122854308054,-0.05289018157817078,18.64316660563151,15.177500009536743,-3.465666596094767,0.006359124451950883,,
69,-0.012423794407950514,0.04233778865843659,-0.08001828953991467,17.219333362579345,19.86750030517578,2.6481669425964363,0.009711607677902535,,
70,-0.012423794407950514,0.04233778865843659,-0.08001828953991467,17.219333362579345,19.86750030517578,2.6481669425964363,0.009711607677902535,,
71,-0.07350297591621982,-0.06890730619971958,-0.09288329034500707,17.98133339881897,25.87249994277954,7.891166543960573,0.024232035622443998,,
72,0.054108374478726885,0.04433287338667,0.0603660665509166,18.612500031789143,38.352500915527344,19.7400008837382,0.028682450665762905,,
73,0.054108374478726885,0.04433287338667,0.0603660665509166,18.612500031789143,38.352500915527344,19.7400008837382,0.028682450665762905,,
74,-0.027718936823067208,-0.03470154961957071,0.07107224814409335,27.432666635513307,39.734999656677246,12.302333021163939,0.019018586044334585,,
75,-0.027718936823067208,-0.03470154961957071,0.07107224814409335,27.432666635513307,39.734999656677246,12.302333021163939,0.019018586044334585,,
76,0.03762853977823189,0.023614356400877758,0.02170106797005383,35.47899993260702,30.812500476837158,-4.666499455769859,0.01840231736833413,,
77,0.03762853977823189,0.023614356400877758,0.02170106797005383,35.47899993260702,30.812500476837158,-4.666499455769859,0.01840231736833413,,
78,0.06937890533444266,0.059085227495047965,0.09265579665569115,34.05933322906494,29.494999885559082,-4.564333343505858,0.017006461725948035,,
79,-0.01937890243452465,-0.005053985066673769,0.018485321953452295,33.3521666208903,25.21250057220459,-8.139666048685712,0.013878737004734592,,
80,-0.01937890243452465,-0.005053985066673769,0.018485321953452295,33.3521666208903,25.21250057220459,-8.139666048685712,0.013878737004734592,,
81,-0.005712402813605211,0.014228079687063466,0.003653381388949107,27.464333248138427,18.702499866485596,-8.761833381652831,0.005513961615581748,,
82,-0.005712402813605211,0.014228079687063466,0.003653381388949107,27.464333248138427,18.702499866485596,-8.761833381652831,0.005513961615581748,,
83,0.01845594255968491,0.014962098840367574,-0.027535526598906485,20.677833302815756,15.000000238418579,-5.677833064397177,0.007132651676581192,,
84,0.01845594255968491,0.014962098840367574,-0.027535526598906485,20.677833302815756,15.000000238418579,-5.677833064397177,0.007132651676581192,,
85,0.015014702624613926,-0.022975077248566074,-0.07121715468484213,17.57233336766561,16.63249969482422,-0.9398336728413916,0.00840851839148106,,
86,0.015014702624613926,-0.022975077248566074,-0.07121715468484213,17.57233336766561,16.63249969482422,-0.9398336728413916,0.00840851839148106,,
87,-0.029225303739341735,0.017797480088842084,0.03546017690695583,19.319333267211913,18.952499866485596,-0.36683340072631765,0.011340832457791898,,
88,-0.029225303739341735,0.017797480088842084,0.03546017690695583,19.319333267211913,18.952499866485596,-0.36683340072631765,0.011340832457791898,,
89,0.013915804586309538,0.027525200092822583,0.08136086410202506,20.021333265304566,17.02999973297119,-2.9913335323333747,0.008006052039248692,,
90,0.013915804586309538,0.027525200092822583,0.08136086410202506,20.021333265304566,17.02999973297119,-2.9913335323333747,0.008006052039248692,,
91,0.011071377901441361,-0.005436602411625836,-0.05257763075321993,17.384499963124593,14.332500219345093,-3.0519997437795006,0.00671988876692081,,
92,0.011071377901441361,-0.005436602411625836,-0.05257763075321993,17.384499963124593,14.332500219345093,-3.0519997437795006,0.00671988876692081,,
93,-0.005636549456945268,-0.03746938417663904,-0.034629316045801474,15.810000022252401,18.21500015258789,2.4050001303354893,0.008612996403195716,,
94,-0.005636549456945268,-0.03746938417663904,-0.034629316045801474,15.810000022252401,18.21500015258789,2.4050001303354893,0.008612996403195716,,
95,0.002940729161580141,-0.0036070981374536344,0.05854694553671596,16.089833402633666,16.462499856948853,0.37266645431518697,0.007377986176380748,,
96,0.002940729161580141,-0.0036070981374536344,0.05854694553671596,16.089833402633666,16.462499856948853,0.37266645431518697,0.007377986176380748,,
97,-0.010753864909961944,0.0008882979753659522,0.01533154738251043,16.310999997456868,14.042499780654907,-2.268500216801961,0.0056667027267820694,,
98,-0.010753864909961944,0.0008882979753659522,0.01533154738251043,16.310999997456868,14.042499780654907,-2.268500216801961,0.0056667027267820694,,
99,-0.003388259537586426,-0.007771542846497393,-0.011695879175242178,14.545333353678386,13.492499828338623,-1.0528335253397625,0.006215666548121875,,
100,-0.003388259537586426,-0.007771542846497393,-0.011695879175242178,14.545333353678386,13.492499828338623,-1.0528335253397625,0.006215666548121875,,
101,0.009116993274247547,0.028575795766288707,-0.0014376751987612603,13.711666679382324,13.397500038146973,-0.3141666412353512,0.007233440853020712,,
102,0.009116993274247547,0.028575795766288707,-0.0014376751987612603,13.711666679382324,13.397500038146973,-0.3141666412353512,0.007233440853020712,,
103,-0.05156777925698963,-0.029812111250443463,0.011570836067305381,13.980166625976562,19.03499984741211,5.054833221435548,0.010216602817156577,,
104,-0.05156777925698963,-0.029812111250443463,0.011570836067305381,13.980166625976562,19.03499984741211,5.054833221435548,0.010216602817156577,,
105,0.00799767416709082,-0.012676478199893473,-0.036279407161643046,14.96433334350586,12.552499771118164,-2.411833572387696,0.005093823945924834,,
106,0.00799767416709082,-0.012676478199893473,-0.036279407161643046,14.96433334350586,12.552499771118164,-2.411833572387696,0.005093823945924834,,
107,-0.004020620088352274,-0.012750750262636504,0.015894785637629173,14.888000043233236,13.545000076293945,-1.3429999669392902,0.006496122746861848,,
108,-0.004020620088352274,-0.012750750262636504,0.015894785637629173,14.888000043233236,13.545000076293945,-1.3429999669392902,0.006496122746861848,,
109,0.028153785516686347,0.04067775545670061,0.07068291873206237,14.52200002670288,13.59749984741211,-0.9245001792907708,0.007584694072598162,,
110,-0.0049591708617153524,-0.001736180546898395,-0.018830258142087358,14.897499990463256,13.402499914169312,-1.4950000762939446,0.0064003737807886525,,
111,-0.0049591708617153524,-0.001736180546898395,-0.018830258142087358,14.897499990463256,13.402499914169312,-1.4950000762939446,0.0064003737807886525,,
112,0.022040280577096845,0.016884604763719196,-0.05321753583289849,14.258833312988282,13.694999933242798,-0.5638333797454838,0.006063490306860353,,
113,0.022040280577096845,0.016884604763719196,-0.05321753583289849,14.258833312988282,13.694999933242798,-0.5638333797454838,0.006063490306860353,,
114,-0.03225946172240126,0.0048665418915575095,0.00154745781038668,13.416166623433432,18.6225004196167,5.206333796183268,0.009499892431390957,,
115,-0.03225946172240126,0.0048665418915575095,0.00154745781038668,13.416166623433432,18.6225004196167,5.206333796183268,0.009499892431390957,,
116,0.01570521996851297,0.00973233644658154,-0.014267903701232326,14.574333349863688,14.077500104904175,-0.49683324495951275,0.0060613181432491526,,
117,-0.011062451299636926,0.0013300801292988815,-0.01809899619776194,14.619500048955281,14.932500123977661,0.31300007502238003,0.006892903534717041,,
118,-0.011062451299636926,0.0013300801292988815,-0.01809899619776194,14.619500048955281,14.932500123977661,0.31300007502238003,0.006892903534717041,,
119,0.0001207390945561688,-0.003504338292220585,0.0020556284674759576,15.136500104268391,13.214999914169312,-1.9215001900990796,0.006097628751963899,,
120,0.0001207390945561688,-0.003504338292220585,0.0020556284674759576,15.136500104268391,13.214999914169312,-1.9215001900990796,0.006097628751963899,,
121,0.006705002261630134,0.006056021006296343,-0.03573780978884799,13.366166687011718,10.764999866485596,-2.6011668205261227,0.003957299666408974,,
122,0.006705002261630134,0.006056021006296343,-0.03573780978884799,13.366166687011718,10.764999866485596,-2.6011668205261227,0.003957299666408974,,
123,-0.02000594376889095,-0.023316053989415594,-0.018415705143498967,12.063166618347168,15.607500314712524,3.5443336963653564,0.006990265689448548,,
124,-0.02000594376889095,-0.023316053989415594,-0.018415705143498967,12.063166618347168,15.607500314712524,3.5443336963653564,0.006990265689448548,,
125,-0.004125172802502162,-0.03166350747304815,-0.022145158853411322,12.590166680018108,12.619999647140503,0.02983296712239536,0.006815316696892656,,
126,-0.004125172802502162,-0.03166350747304815,-0.022145158853411322,12.590166680018108,12.619999647140503,0.02983296712239536,0.006815316696892656,,
127,0.01764857596940808,0.029967220061584452,0.03493311679645417,14.99216669400533,14.607499837875366,-0.38466685612996443,0.007422232100530519,,
128,0.01764857596940808,0.029967220061584452,0.03493311679645417,14.99216669400533,14.607499837875366,-0.38466685612996443,0.007422232100530519,,
129,0.04974643523238463,0.03554470461039441,0.00475175009748967,15.279166714350383,16.99749994277954,1.7183332284291577,0.010374864554570876,,
130,0.04974643523238463,0.03554470461039441,0.00475175009748967,15.279166714350383,16.99749994277954,1.7183332284291577,0.010374864554570876,,
131,-0.007518424886482453,0.01016220372763386,-0.007198425736395909,15.967500066757202,19.90000009536743,3.93250002861023,0.00959816283968484,,
132,-0.007518424886482453,0.01016220372763386,-0.007198425736395909,15.967500066757202,19.90000009536743,3.93250002861023,0.00959816283968484,,
133,0.013835441192020723,-0.008681978163115788,0.0008245147373462294,17.22799998919169,13.617500066757202,-3.6104999224344887,0.008228650659778293,,
134,0.013835441192020723,-0.008681978163115788,0.0008245147373462294,17.22799998919169,13.617500066757202,-3.6104999224344887,0.008228650659778293,,
135,-0.0015889458698369512,-0.011746521333972314,-0.014118489196833867,15.223499981562297,13.37250018119812,-1.8509998003641766,0.006497536942095362,,
136,-0.0015889458698369512,-0.011746521333972314,-0.014118489196833867,15.223499981562297,13.37250018119812,-1.8509998003641766,0.006497536942095362,,
137,0.01172756711090683,-0.011415325448323597,-0.0008179855007255982,13.76966667175293,13.59749984741211,-0.1721668243408203,0.007165333215347396,,
138,0.01172756711090683,-0.011415325448323597,-0.0008179855007255982,13.76966667175293,13.59749984741211,-0.1721668243408203,0.007165333215347396,,
139,0.0022378777527537887,-0.003577077499748776,-0.07008553564234478,14.119666703542073,12.327500104904175,-1.7921665986378983,0.008080048144390934,,
140,0.0022378777527537887,-0.003577077499748776,-0.07008553564234478,14.119666703542073,12.327500104904175,-1.7921665986378983,0.008080048144390934,,
141,-0.02198301893654467,-0.023514681525907744,0.0826397132581012,17.424333349863687,21.5,4.075666650136313,0.013672118533218066,,
142,-0.02198301893654467,-0.023514681525907744,0.0826397132581012,17.424333349863687,21.5,4.075666650136313,0.013672118533218066,,
143,0.01950252557149306,0.007698753369606796,0.0026621860353280083,20.318833367029825,14.539999723434448,-5.778833643595377,0.007864308377890093,,
144,0.01950252557149306,0.007698753369606796,0.0026621860353280083,20.318833367029825,14.539999723434448,-5.778833643595377,0.007864308377890093,,
145,-0.014624342552187513,-0.009835995197938464,-0.08070201378463654,17.809666681289674,19.05000066757202,1.240333986282348,0.011602398906721175,,
146,-0.014624342552187513,-0.009835995197938464,-0.08070201378463654,17.809666681289674,19.05000066757202,1.240333986282348,0.011602398906721175,,
147,0.0233119873671358,-0.01462989311207673,0.08062929737860082,18.1006667137146,21.427500247955322,3.3268335342407234,0.014048393133055498,,
148,0.0233119873671358,-0.01462989311207673,0.08062929737860082,18.1006667137146,21.427500247955322,3.3268335342407234,0.014048393133055498,,
149,0.019803043325175403,0.027724203828706433,0.046814280607824485,21.422666708628338,14.309999942779541,-7.112666765848797,0.007033864595158418,,
150,0.019803043325175403,0.027724203828706433,0.046814280607824485,21.422666708628338,14.309999942779541,-7.112666765848797,0.007033864595158418,,
151,-0.01137794102629929,-0.0308623175441807,-0.03872904447258725,18.30883332888285,14.84250020980835,-3.466333119074502,0.006281465697542243,,
152,-0.01137794102629929,-0.0308623175441807,-0.03872904447258725,18.30883332888285,14.84250020980835,-3.466333119074502,0.006281465697542243,,
153,0.0009127288198054638,-0.010172761499726277,0.022156284916915243,14.543999973932902,19.322500228881836,4.778500254948934,0.009693891319330647,,
154,0.0009127288198054638,-0.010172761499726277,0.022156284916915243,14.543999973932902,19.322500228881836,4.778500254948934,0.009693891319330647,,
155,-0.0014974150078395996,-0.0033170287227988478,-0.011962201427044888,15.649666659037273,12.464999914169312,-3.184666744867961,0.004000223885736935,,
156,-0.0014974150078395996,-0.0033170287227988478,-0.011962201427044888,15.649666659037273,12.464999914169312,-3.184666744867961,0.004000223885736935,,
157,0.0011863320556774106,0.0044157649894320024,-0.03347294246936713,13.94500002861023,13.02750015258789,-0.9174998760223385,0.008002108373638269,,
158,0.0011863320556774106,0.0044157649894320024,-0.03347294246936713,13.94500002861023,13.02750015258789,-0.9174998760223385,0.008002108373638269,,
159,0.010188108350179893,0.03277012418264598,0.07539021508865655,13.580000003178915,20.65499973297119,7.074999729792276,0.006312634439488081,,
160,0.010188108350179893,0.03277012418264598,0.07539021508865655,13.580000003178915,20.65499973297119,7.074999729792276,0.006312634439488081,,
161,-0.005676061888519729,-0.01439781107373298,-0.008541479933720224,14.70649995803833,12.47249984741211,-2.234000110626221,0.004799941490499825,,
162,-0.005676061888519729,-0.01439781107373298,-0.008541479933720224,14.70649995803833,12.47249984741211,-2.234000110626221,0.004799941490499825,,
163,-0.005870079407186209,-0.006876506557823698,0.013804649436463059,14.115499957402546,11.462500095367432,-2.6529998620351147,0.004054217813758153,,
164,-0.005035649128302015,-0.0012221231882572666,0.01332983784453486,14.105999978383382,11.779999732971191,-2.3260002454121906,0.003941943161833038,,
165,-0.0051116389679612215,-0.005665059584240135,0.018639535134133058,13.937666654586792,12.142499923706055,-1.7951667308807373,0.003925757914095452,,
166,-0.0005376373362904804,-0.007426193890934647,0.01577731221987095,13.850999975204468,11.789999961853027,-2.061000013351441,0.00392227368153921,,
167,0.0017449139831111262,0.01874413002600772,0.011105848190927955,13.446166626612346,11.520000219345093,-1.926166407267253,0.003676829709054471,,
168,0.0017449139831111262,0.01874413002600772,0.011105848190927955,13.446166626612346,11.520000219345093,-1.926166407267253,0.003676829709054471,,
169,-0.0025283851293710735,-0.01304419693791565,-0.03916895099331392,12.076833359400432,11.752500057220459,-0.3243333021799728,0.004157998781273676,,
170,-0.012367826249012526,-0.013599304209536521,-0.04789276029736005,11.934499994913738,11.37749981880188,-0.5570001761118579,0.004604100363989522,,
171,-0.012367826249012526,-0.013599304209536521,-0.04789276029736005,11.934499994913738,11.37749981880188,-0.5570001761118579,0.004604100363989522,,
172,-0.00029071419107251466,-0.01193551339580834,-0.018674500332499507,11.780500014623007,11.365000009536743,-0.4155000050862636,0.004546283656343904,,
173,-0.00029071419107251466,-0.01193551339580834,-0.018674500332499507,11.780500014623007,11.365000009536743,-0.4155000050862636,0.004546283656343904,,
174,0.0007636512842894329,-0.005883031090842284,-0.0059894721528809146,11.703333346048991,12.527499914169312,0.8241665681203205,0.004351874112411142,,
175,0.006034033640116993,-0.0029180423719986186,0.0016277667873729291,11.677833350499471,11.714999914169312,0.03716656366984061,0.004276073134051571,,
176,0.006034033640116993,-0.0029180423719986186,0.0016277667873729291,11.677833350499471,11.714999914169312,0.03716656366984061,0.004276073134051571,,
177,-0.004435525817821106,-0.010531933709717643,-0.022165004676190495,11.726833359400432,13.050000190734863,1.3231668313344311,0.004281536056104478,,
178,0.019063059183975776,0.015453830266290328,0.02457789091668817,11.85950002670288,12.59500002861023,0.735500001907349,0.004455745483637117,,
179,0.0007533072936222324,-0.021734607401868927,-0.00360520324128296,12.236000045140583,10.370000123977661,-1.8659999211629223,0.004786021530652751,,
180,0.0007533072936222324,-0.021734607401868927,-0.00360520324128296,12.236000045140583,10.370000123977661,-1.8659999211629223,0.004786021530652751,,
181,0.0010820701869868323,-0.011900198240430374,0.002072339565445491,12.191666714350383,10.127500057220459,-2.064166657129924,0.0048733195496964005,,
182,0.0064404417096285286,0.006324988075201502,0.013277915626025042,12.075333372751873,10.039999961853027,-2.0353334108988452,0.004448089657869232,,
183,0.0037824729331790673,-0.004192749271271565,0.0020601722471544123,11.809166717529298,10.572499990463257,-1.2366667270660407,0.004250213821246371,,
184,0.0037824729331790673,-0.004192749271271565,0.0020601722471544123,11.809166717529298,10.572499990463257,-1.2366667270660407,0.004250213821246371,,
185,7.032140186210255e-05,-0.009698211736982569,-0.0002510959832067272,11.69400003751119,10.252500057220459,-1.4414999802907307,0.004731815237450201,,
186,-0.010019627084527997,-0.011746738347283119,-0.0033991531920094763,11.653500032424926,10.607499837875366,-1.0460001945495598,0.004803086184378364,,
187,-0.004465777380913199,0.012333330357327562,-0.01328446892819363,11.453500032424927,11.432499885559082,-0.021000146865844727,0.00460931801594963,,
188,-0.005864406102136281,-0.009790684142899598,-0.028919845601718,10.689000002543132,10.065000057220459,-0.623999945322673,0.00403424192061983,,
189,-0.005864406102136281,-0.009790684142899598,-0.028919845601718,10.689000002543132,10.065000057220459,-0.623999945322673,0.00403424192061983,,
190,0.006733075563064705,0.017548664913779162,0.035688041301293466,10.720833333333333,11.379999876022339,0.6591665426890057,0.005341811051386047,,
191,0.003705445421593139,0.017197124893310305,0.034093457167816275,10.870499992370606,11.042500019073486,0.1720000267028805,0.005004071142039946,,
192,-0.005706361805349029,0.0076159953473579,0.015318406531332252,11.096499967575074,9.8125,-1.283999967575074,0.0029957726464979414,,
193,-0.005706361805349029,0.0076159953473579,0.015318406531332252,11.096499967575074,9.8125,-1.283999967575074,0.0029957726464979414,,
194,0.007178061217376724,0.01623949525748103,0.022434742229183253,11.076499970753988,9.775000095367432,-1.3014998753865559,0.0027346527300196864,,
195,0.002006548353838085,0.0049987882132424095,-0.0036402968396196623,11.009333308537801,9.699999809265137,-1.3093334992726646,0.0025740175683427926,,
196,0.0029624140283464597,0.0037565353562851378,0.0023626074971049345,10.986833302179972,9.812499761581421,-1.1743335405985516,0.0025725824262304705,,
197,-0.0014038028803667613,-0.006273729548645643,-0.00507005236536325,10.834333324432373,9.934999942779541,-0.8993333816528324,0.002653265726558966,,
198,0.0007830016984942325,0.0002222092216399153,0.007530583597006879,10.81166664759318,10.085000038146973,-0.7266666094462071,0.0027232465146045447,,
199,-0.00024210312248964562,0.0010864326264703491,0.015013591460887224,10.829666646321614,10.289999961853027,-0.5396666844685871,0.002811759931016978,,
200,-0.003979979487874638,0.004369741798667668,0.013882780420295877,10.830999978383382,10.857499837875366,0.026499859491984523,0.0029617107769620335,,
201,0.0035283481512690144,-0.01133187506872511,0.009099721788767664,10.899166631698609,9.667500019073486,-1.2316666126251228,0.0033325944635905166,,
202,0.0035283481512690144,-0.01133187506872511,0.009099721788767664,10.899166631698609,9.667500019073486,-1.2316666126251228,0.0033325944635905166,,
203,0.0022230550024298678,-0.0034547190422534882,0.02012189726314235,10.918166621526082,9.59000015258789,-1.328166468938191,0.003381092625214902,,
204,-0.005948664685934085,-0.00392732512503416,0.013795622232407018,10.93233331044515,10.365000009536743,-0.5673333009084072,0.0035701761568014087,,
205,0.006044093193653241,-0.001381562601944912,0.040116669934405894,10.315333318710326,9.90499997138977,-0.41033334732055593,0.004024243737264772,,
206,0.006044093193653241,-0.001381562601944912,0.040116669934405894,10.315333318710326,9.90499997138977,-0.41033334732055593,0.004024243737264772,,
207,-0.07041227441800361,-0.06403145469352683,-0.08101419105812681,10.407166703542073,20.40999984741211,10.002833143870037,0.014307523459910923,,
208,-0.07041227441800361,-0.06403145469352683,-0.08101419105812681,10.407166703542073,20.40999984741211,10.002833143870037,0.014307523459910923,,
209,0.026809581223261228,0.017459702972248005,-0.03088678185158586,11.308166678746542,20.704999446868896,9.396832768122355,0.014750622143205145,,
210,-0.02424239578035495,-0.027034857744225683,-0.052132191648962475,15.50016663869222,21.77500057220459,6.274833933512371,0.013535317178664498,,
211,-0.02424239578035495,-0.027034857744225683,-0.052132191648962475,15.50016663869222,21.77500057220459,6.274833933512371,0.013535317178664498,,
212,-0.0060520265922498605,0.007503723595894584,0.03208248464641372,17.311166715621948,20.992499828338623,3.6813331127166755,0.012663372759495969,,
213,0.012466646032015069,0.04104234495513357,0.09171780390148451,19.778333346048992,15.347500085830688,-4.430833260218304,0.007063992245356685,,
214,0.012466646032015069,0.04104234495513357,0.09171780390148451,19.778333346048992,15.347500085830688,-4.430833260218304,0.007063992245356685,,
215,0.024644136918022856,0.03086270890370806,0.06768426913911145,19.94133334159851,13.50249981880188,-6.438833522796632,0.006668115279016602,,
216,-0.00874139058828565,0.018417848240005943,0.020352994169444798,17.63116674423218,15.15250015258789,-2.478666591644288,0.006158864042481759,,
217,-0.003801965329148077,-0.029295327093982783,0.025041207221920433,16.739500061670938,12.337499856948853,-4.402000204722086,0.005795647682381309,,
218,-0.003801965329148077,-0.029295327093982783,0.025041207221920433,16.739500061670938,12.337499856948853,-4.402000204722086,0.005795647682381309,,
219,-0.017453251894810236,-0.011755117231773873,0.01662533390576184,16.387666749954224,14.632500171661377,-1.7551665782928474,0.005915708403138059,,
220,0.00838327435226288,-0.009314576003189806,0.002399749347735094,13.757666714986165,12.0625,-1.695166714986165,0.004770163196610959,,
221,0.00838327435226288,-0.009314576003189806,0.002399749347735094,13.757666714986165,12.0625,-1.695166714986165,0.004770163196610959,,
222,0.016989726623160787,-0.0006323017238801373,-0.012026273709529986,13.328333393732708,12.224999904632568,-1.1033334891001392,0.004264003510453067,,
223,-0.0004290691747214602,-0.055253983799252934,-0.06278547811708912,13.280166673660279,12.355000019073486,-0.9251666545867927,0.007409432217354419,,
224,-0.0004290691747214602,-0.055253983799252934,-0.06278547811708912,13.280166673660279,12.355000019073486,-0.9251666545867927,0.007409432217354419,,
225,0.0014640475294299406,-0.07551010277414065,-0.06979015644157426,13.187166674931843,12.144999980926514,-1.0421666940053296,0.007889355721864864,,
226,-0.018238086614236704,-0.05321548928123379,-0.10896964206456553,12.937166674931843,13.174999952316284,0.23783327738444093,0.009429304378735659,,
227,-0.029622223970114752,-0.05695139840440222,-0.1524618284626304,15.329999891916911,18.637500286102295,3.307500394185384,0.013136591859655494,,
228,-0.029622223970114752,-0.05695139840440222,-0.1524618284626304,15.329999891916911,18.637500286102295,3.307500394185384,0.013136591859655494,,
229,0.04395692606616824,0.0002615227482617085,-0.0036572287418466885,16.713333225250246,17.947500228881836,1.2341670036315904,0.014404475522075046,,
230,-0.04036570582310576,-0.062082263785826056,0.006440079053069368,17.178166548411053,20.40000009536743,3.221833546956379,0.015300508035861568,,
231,-0.01847495615044349,-0.07568940042931394,0.015426292485794803,17.37033322652181,22.204999923706055,4.834666697184243,0.015901074385922108,,
232,-0.07324509456945724,0.012158612394214941,0.1178829291163921,18.3668332417806,30.03499984741211,11.668166605631509,0.01794336922200415,,
233,-0.07324509456945724,0.012158612394214941,0.1178829291163921,18.3668332417806,30.03499984741211,11.668166605631509,0.01794336922200415,,
234,0.03431676833192448,0.049279252090458914,0.08259513255769231,21.785499890645344,16.524999618530273,-5.26050027211507,0.007583488970964828,,
235,0.03431676833192448,0.049279252090458914,0.08259513255769231,21.785499890645344,16.524999618530273,-5.26050027211507,0.007583488970964828,,
236,-0.009175371499122422,0.016426087679052168,0.05018796179724376,21.321666558583576,15.860000371932983,-5.461666186650593,0.0065773367879569155,,
237,0.02432013908598056,0.030921423972097337,0.03720273304565043,21.089333216349285,15.552499771118164,-5.536833445231121,0.006258498206563775,,
238,-0.004487838606329673,-0.003902525507999926,0.0065805780487998514,20.378499889373778,14.429999828338623,-5.948500061035155,0.005970431038694053,,
239,0.02117274836946831,0.015561049576995067,0.047506662496201446,19.87766655286153,14.389999866485596,-5.487666686375935,0.0065657229085457,,
240,0.022522705911186106,0.017087720915254494,0.05909702155206767,19.80266655286153,13.752500057220459,-6.050166495641072,0.006622776163634057,,
241,-0.015592407845136401,0.004847314472699175,0.002877664740939164,19.109166558583578,15.087499856948853,-4.021666701634725,0.006940445260504918,,
242,-0.015592407845136401,0.004847314472699175,0.002877664740939164,19.109166558583578,15.087499856948853,-4.021666701634725,0.006940445260504918,,
243,-0.010955148436308085,-0.05036119519176481,-0.06824104422223592,14.54099998474121,14.382499933242798,-0.15850005149841273,0.007175538811893091,,
244,-0.010955148436308085,-0.05036119519176481,-0.06824104422223592,14.54099998474121,14.382499933242798,-0.15850005149841273,0.007175538811893091,,
245,-0.020451048081999344,-0.03297186057995657,-0.012021485214793685,14.14183333714803,18.4375,4.2956666628519695,0.008644221783250926,,
246,-0.01616466810789327,-0.028225941237903795,0.015370996683808757,14.250166654586792,15.732499837875366,1.4823331832885742,0.009059460796191908,,
247,0.044906553518630835,0.05851531723730971,0.07616834053405276,14.543166637420654,16.322499752044678,1.7793331146240234,0.00832235101523999,,
248,0.007937683974208805,0.02234284336168131,0.0007499120060878248,15.014499934514363,14.934999942779541,-0.07949999173482247,0.006065331730227723,,
249,0.007937683974208805,0.02234284336168131,0.0007499120060878248,15.014499934514363,14.934999942779541,-0.07949999173482247,0.006065331730227723,,
250,-0.002027144490301637,0.01385132343066295,-0.027314542118666234,15.15049991607666,15.84749984741211,0.6969999313354496,0.005468563790415303,,
251,0.011061021781902654,0.005560104394799148,-0.03782462110630129,15.267166582743327,13.110000133514404,-2.1571664492289226,0.005301804693209915,,
252,-0.014577633764011545,-0.005858173115971801,-0.06481033647732054,15.261166588465374,13.702499866485596,-1.5586667219797778,0.006555540716143807,,
253,-0.05899532040817006,-0.06302593669452349,-0.01259911030110231,15.394999901453653,19.047500610351562,3.652500708897909,0.011264080107193736,,
254,-0.05899532040817006,-0.06302593669452349,-0.01259911030110231,15.394999901453653,19.047500610351562,3.652500708897909,0.011264080107193736,,
255,-0.011658711429756267,0.019878804420672715,0.008436592786547143,15.747999954223634,19.71250009536743,3.964500141143798,0.011807722202657765,,
256,-0.006742437198994596,-0.04585765167147787,-0.002707366162981563,16.04383331934611,14.557499885559082,-1.4863334337870278,0.007360862541276438,,
257,-0.006742437198994596,-0.04585765167147787,-0.002707366162981563,16.04383331934611,14.557499885559082,-1.4863334337870278,0.007360862541276438,,
258,0.002905273117816888,0.02534808119507097,0.06881035171645433,16.01666661898295,18.455000400543213,2.4383337815602637,0.008308837878348848,,
259,0.002905273117816888,0.02534808119507097,0.06881035171645433,16.01666661898295,18.455000400543213,2.4383337815602637,0.008308837878348848,,
260,0.002905273117816888,0.02534808119507097,0.06881035171645433,16.01666661898295,18.455000400543213,2.4383337815602637,0.008308837878348848,,
261,-0.003951401027005538,0.02045790893844445,0.06189963509057458,16.094166612625123,18.58750009536743,2.493333482742308,0.008261818692978862,,
262,0.010960367959145172,0.02011676381011972,0.06225995431433518,16.14349994659424,18.017499923706055,1.873999977111815,0.008139101435253239,,
263,0.02575457610038878,0.04001563492952999,0.07804811697873679,16.220166603724163,16.589999675750732,0.36983307202656945,0.00797272467317109,,
264,0.014087376302256245,0.020166023079375324,0.04673647957804065,17.03799997965495,12.670000076293945,-4.367999903361003,0.004267568904492087,,
265,0.014087376302256245,0.020166023079375324,0.04673647957804065,17.03799997965495,12.670000076293945,-4.367999903361003,0.004267568904492087,,
266,0.005459728209809838,-0.004865809286170617,0.017726955372057988,15.36233328183492,11.944999933242798,-3.4173333485921216,0.004489310487517765,,
267,0.016116888672944016,0.02677592094070634,0.015320151703550916,14.411999940872192,13.424999952316284,-0.9869999885559082,0.004707736139866407,,
268,0.016116888672944016,0.02677592094070634,0.015320151703550916,14.411999940872192,13.424999952316284,-0.9869999885559082,0.004707736139866407,,
269,-0.015046137039546771,0.012667642968179174,-0.32989039892828254,13.077666664123536,17.172499656677246,4.094832992553711,0.009044329404606425,,
270,-0.015046137039546771,0.012667642968179174,-0.32989039892828254,13.077666664123536,17.172499656677246,4.094832992553711,0.009044329404606425,,
271,0.018620554414039578,-0.22650172910546368,-0.0737658661896744,14.044499985376994,35.462499141693115,21.41799915631612,0.0430931782301121,,
272,0.018620554414039578,-0.22650172910546368,-0.0737658661896744,14.044499985376994,35.462499141693115,21.41799915631612,0.0430931782301121,,
273,-0.11437968413034703,-0.021793514032108982,0.08236201355592275,17.478666591644288,76.76250076293945,59.28383417129517,0.05685368539804655,,
274,-0.11437968413034703,-0.021793514032108982,0.08236201355592275,17.478666591644288,76.76250076293945,59.28383417129517,0.05685368539804655,,
275,0.1428412455789153,0.17457356946896263,0.3030167402252336,21.138333304723105,62.052499771118164,40.91416646639506,0.05294621741729707,,
276,0.030271182766002297,0.08112821902628924,0.2131533489887026,32.54400010108948,40.35999870300293,7.815998601913449,0.03094439195833006,,
277,0.005151979667816027,0.018802655168150995,0.1433268834184457,39.123166735967,34.635000228881836,-4.488166507085161,0.01851844420888421,,
278,0.005151979667816027,0.018802655168150995,0.1433268834184457,39.123166735967,34.635000228881836,-4.488166507085161,0.01851844420888421,,
279,0.038676875849720314,0.08134756303348271,0.1485290511487139,42.34766681989034,32.269999504089355,-10.077667315800987,0.014935424022799145,,
280,0.033363837936272,0.10482953455838147,0.15979119612678946,44.061166795094806,28.330000400543213,-15.731166394551593,0.015280941600356554,,
281,-0.04721487888707716,-0.05671218128562638,-0.009674477752434756,43.832666873931885,34.71250057220459,-9.120166301727295,0.018231753309927098,,
282,-0.04721487888707716,-0.05671218128562638,-0.009674477752434756,43.832666873931885,34.71250057220459,-9.120166301727295,0.018231753309927098,,
283,-0.03251605041343282,-0.010970908171324154,-0.03261387785850505,39.6688333829244,33.02500009536743,-6.643833287556966,0.01657897893531988,,
284,0.01417487087706646,0.02373795496389439,-0.03459413138435561,30.42600008646647,24.40000009536743,-6.025999991099038,0.007060094717428933,,
285,0.01417487087706646,0.02373795496389439,-0.03459413138435561,30.42600008646647,24.40000009536743,-6.025999991099038,0.007060094717428933,,
286,0.005648724073189454,-0.062495151714423526,-0.06270814628189275,27.545833396911622,24.989999771118164,-2.5558336257934577,0.01162746510858357,,
287,-0.042044161889567076,-0.028021530772996767,-0.08616215702197196,26.92350002924601,26.52750015258789,-0.3959998766581201,0.014009804590446736,,
288,-0.042044161889567076,-0.028021530772996767,-0.08616215702197196,26.92350002924601,26.52750015258789,-0.3959998766581201,0.014009804590446736,,
289,0.015348296102402915,-0.002463913577910007,0.021935036612072065,25.713833332061768,27.22499990463257,1.5111665725708008,0.012233030124105471,,
290,0.029935930480110912,0.04139194826955078,0.07997582459251826,26.421333217620848,25.74749994277954,-0.6738332748413072,0.012745363575378647,,
291,0.029935930480110912,0.04139194826955078,0.07997582459251826,26.421333217620848,25.74749994277954,-0.6738332748413072,0.012745363575378647,,
292,-0.005920072522593326,-7.865592614825397e-06,-0.025288780573032067,26.573499997456867,22.789999961853027,-3.78350003560384,0.006270945268146556,,
293,-0.005920072522593326,-7.865592614825397e-06,-0.025288780573032067,26.573499997456867,22.789999961853027,-3.78350003560384,0.006270945268146556,,
294,-0.02657837398385056,-0.0028990901490281913,-0.028903925349419893,24.854333305358885,32.68749952316284,7.8331662178039565,0.010341166631600781,,
295,-0.02657837398385056,-0.0028990901490281913,-0.028903925349419893,24.854333305358885,32.68749952316284,7.8331662178039565,0.010341166631600781,,
296,-0.0015822968247586658,-0.040488234705432585,-0.05490943057029492,23.649666659037273,21.167499542236328,-2.4821671168009445,0.010402811607682853,,
297,-0.009177604967202265,-0.007279254397058832,0.03313898560810974,23.896333249409995,20.15999984741211,-3.7363334019978858,0.009546042031533947,,
298,-0.009177604967202265,-0.007279254397058832,0.03313898560810974,23.896333249409995,20.15999984741211,-3.7363334019978858,0.009546042031533947,,
299,-0.02019951028994612,0.000263339359016769,0.01927232275313817,23.896999899546305,20.427499771118164,-3.469500128428141,0.009301347413572473,,
300,-0.0034900948651490583,-0.04348277032526994,-0.02558358129305534,21.871333344777426,17.952500343322754,-3.918833001454672,0.00785880904748952,,
301,-0.0034900948651490583,-0.04348277032526994,-0.02558358129305534,21.871333344777426,17.952500343322754,-3.918833001454672,0.00785880904748952,,
302,-0.002346949190041774,-0.02415709208336298,-0.04047670388825755,21.373333326975505,18.832499504089355,-2.5408338228861496,0.008191951787107951,,
303,-0.00978176455684992,-0.000829222619414505,0.003909376455164697,18.7443333307902,18.62249994277954,-0.12183338801066057,0.005552190179731379,,
304,-0.00978176455684992,-0.000829222619414505,0.003909376455164697,18.7443333307902,18.62249994277954,-0.12183338801066057,0.005552190179731379,,
305,-0.005494940099052841,0.0030986350141517134,0.003280610186289815,18.043999989827473,18.427499771118164,0.3834997812906913,0.00640964582377908,,
306,-0.005494940099052841,0.0030986350141517134,0.003280610186289815,18.043999989827473,18.427499771118164,0.3834997812906913,0.00640964582377908,,
307,-0.01352114409797248,-0.004184977066354622,-0.06590784136656712,17.65516668955485,19.927499771118164,2.272333081563314,0.005177586332447667,,
308,0.008650175141898319,-0.009573203609279697,-0.050821676951465,17.341166734695435,16.292500019073486,-1.0486667156219482,0.005627903841511995,,
309,0.01593085565711605,-0.00963673422797114,0.0347895406811997,17.46433335940043,19.00250005722046,1.538166697820028,0.00884130926225338,,
310,0.01593085565711605,-0.00963673422797114,0.0347895406811997,17.46433335940043,19.00250005722046,1.538166697820028,0.00884130926225338,,
311,-0.02380306531518375,-0.022600570129450718,0.027419834672509018,17.50300005276998,20.579999923706055,3.076999870936074,0.0090549890818263,,
312,0.012435049325279954,0.004773960289627197,-0.01346032407077063,18.44749994277954,16.059999704360962,-2.3875002384185784,0.005407188040690083,,
313,0.012435049325279954,0.004773960289627197,-0.01346032407077063,18.44749994277954,16.059999704360962,-2.3875002384185784,0.005407188040690083,,
314,-0.012928486340767468,-0.010265955639546163,-0.030500028879199996,18.38883326848348,17.84749984741211,-0.5413334210713714,0.006067853086017256,,
315,-0.006627489130497801,-0.009520430623238605,-0.021323068682751304,18.39316660563151,17.615000247955322,-0.7781663576761879,0.006362668383562137,,
316,-0.006840291485338872,0.007747888191114076,0.002049598044686014,18.23616663614909,27.30500030517578,9.068833669026692,0.010958505388575327,,
317,-0.01753563426253986,0.02200189562869216,-0.06923417194709014,19.578999996185303,21.075000286102295,1.4960002899169922,0.011126471942038271,,
318,-0.01753563426253986,0.02200189562869216,-0.06923417194709014,19.578999996185303,21.075000286102295,1.4960002899169922,0.011126471942038271,,
319,0.03547013989204473,0.05050997331681512,-0.02559534931987925,19.4010000705719,28.734999656677246,9.333999586105346,0.012747119506389995,,
320,0.03547013989204473,0.05050997331681512,-0.02559534931987925,19.4010000705719,28.734999656677246,9.333999586105346,0.012747119506389995,,
321,0.05307111904729927,0.09737496980916187,0.06399963332264744,24.007500044504802,24.9350004196167,0.9275003751118973,0.01393775758287529,,
322,0.05307111904729927,0.09737496980916187,0.06399963332264744,24.007500044504802,24.9350004196167,0.9275003751118973,0.01393775758287529,,
323,0.019187967411657007,0.04427094369978677,-0.016331816918246398,24.549833393096925,22.927500247955322,-1.622333145141603,0.013080979163066275,,
324,-0.041150372092614754,-0.05126262892415316,-0.0990964902238517,25.44683338801066,30.390000343322754,4.943166955312094,0.020243144811705673,,
325,-0.041150372092614754,-0.05126262892415316,-0.0990964902238517,25.44683338801066,30.390000343322754,4.943166955312094,0.020243144811705673,,
326,0.05130260885719043,0.05139812266617646,0.02699410663225773,27.003333473205565,27.760000228881836,0.756666755676271,0.01917056926791872,,
327,0.008511216612855206,0.01518239515641296,0.10586099278850968,25.98116683959961,30.972500324249268,4.991333484649658,0.018246766379267264,,
328,0.008511216612855206,0.01518239515641296,0.10586099278850968,25.98116683959961,30.972500324249268,4.991333484649658,0.018246766379267264,,
329,0.03850588630262199,0.05475231964777076,0.14006211106455482,25.788666820526124,29.829999923706055,4.04133310317993,0.01770183280498077,,
330,0.05648255943859043,0.09129432331828824,0.0782202243829695,28.410000133514405,22.43499994277954,-5.975000190734864,0.011715725742299057,,
331,0.05648255943859043,0.09129432331828824,0.0782202243829695,28.410000133514405,22.43499994277954,-5.975000190734864,0.011715725742299057,,
332,-0.06490215829933538,-0.03512350743016805,-0.1893155126797947,25.294000116984048,25.962499618530273,0.6684995015462256,0.014120214959307174,,
333,-0.05817265654171409,-0.031856461467401204,-0.06144883062089207,24.435333410898846,29.37999963760376,4.944666226704914,0.016405086645736425,,
334,-0.05817265654171409,-0.031856461467401204,-0.06144883062089207,24.435333410898846,29.37999963760376,4.944666226704914,0.016405086645736425,,
335,0.009459580674209437,-0.016817066776935452,0.03481455669089552,24.18700008392334,30.9350004196167,6.748000335693359,0.017234469127203417,,
336,-0.008528451933918242,0.038214153308529265,0.043856582618600565,26.440166759490968,25.014999866485596,-1.4251668930053718,0.01726521479415144,,
337,-0.008528451933918242,0.038214153308529265,0.043856582618600565,26.440166759490968,25.014999866485596,-1.4251668930053718,0.01726521479415144,,
338,0.012152746532091637,0.014411138723204809,0.024322988368971905,27.48800007502238,20.057499885559082,-7.430500189463299,0.013871420680598887,,
339,-0.048755673638163424,-0.035604587554488545,0.021243763090399714,26.779666741689045,22.25250005722046,-4.527166684468586,0.012258973037044828,,
340,-0.048755673638163424,-0.035604587554488545,0.021243763090399714,26.779666741689045,22.25250005722046,-4.527166684468586,0.012258973037044828,,
341,0.02613716063284964,0.028690533111430713,0.02280209538107032,24.86716677347819,19.71250009536743,-5.1546666781107575,0.010860482702231252,,
342,0.005255693648235317,0.00855795165265042,-0.05349099558082681,22.284166685740153,18.59000015258789,-3.694166533152263,0.010326163268685917,,
343,0.005255693648235317,0.00855795165265042,-0.05349099558082681,22.284166685740153,18.59000015258789,-3.694166533152263,0.010326163268685917,,
344,-0.005069724233927233,0.025148627702929957,0.024398584393250242,20.633833376566567,21.802500247955322,1.168666871388755,0.009929274679039115,,
345,-0.005069724233927233,0.025148627702929957,0.024398584393250242,20.633833376566567,21.802500247955322,1.168666871388755,0.009929274679039115,,
346,0.0044728523317017965,0.009419949471949464,0.07157304782248322,20.087166690826415,18.15000009536743,-1.937166595458983,0.008617906251236188,,
347,0.0044728523317017965,0.009419949471949464,0.07157304782248322,20.087166690826415,18.15000009536743,-1.937166595458983,0.008617906251236188,,
348,-0.0024192679787656875,-0.012766348389326089,-0.005966723403780428,18.6681666692098,13.950000047683716,-4.718166621526084,0.00678893101277684,,
349,-0.0024192679787656875,-0.012766348389326089,-0.005966723403780428,18.6681666692098,13.950000047683716,-4.718166621526084,0.00678893101277684,,
350,0.009540266201466405,0.011576743319380689,-0.02923490966883419,17.051666673024496,13.72000002861023,-3.331666644414266,0.006108809567023916,,
351,-0.001836803983788898,-0.04004694958589187,-0.07642749606901035,15.688666661580404,13.639999866485596,-2.0486667950948085,0.005994970245145957,,
352,-0.001836803983788898,-0.04004694958589187,-0.07642749606901035,15.688666661580404,13.639999866485596,-2.0486667950948085,0.005994970245145957,,
353,0.02840269186384857,0.01746943509006189,-0.030782565933160172,14.85349996884664,14.772500038146973,-0.08099993069966693,0.007484106273333082,,
354,-0.024800339507001487,-0.04288228769244727,-0.051677818770533374,14.614333264033,16.695000410079956,2.080667146046956,0.007728454241844399,,
355,-0.024800339507001487,-0.04288228769244727,-0.051677818770533374,14.614333264033,16.695000410079956,2.080667146046956,0.007728454241844399,,
356,-0.011718048188337873,0.01433498925020196,0.00821215017171497,14.649666595458985,18.062500476837158,3.412833881378173,0.00794330889324798,,
357,-0.012973719655494757,0.008045997174733036,0.08348252247767893,15.597833363215129,20.612499713897705,5.014666350682576,0.009268001113959102,,
358,-0.016509781985286305,0.03876295423623847,0.09754901162524805,15.861833333969116,20.472500324249268,4.610666990280151,0.009437749243030149,,
359,0.045387503022810735,0.08527804497199133,0.15803443276844148,16.415999984741212,15.582500219345093,-0.8334997653961196,0.009062211325652662,,
360,0.045387503022810735,0.08527804497199133,0.15803443276844148,16.415999984741212,15.582500219345093,-0.8334997653961196,0.009062211325652662,,
361,0.01251793056023911,0.05357163847850618,0.11930386247847663,16.769666639963784,14.667500019073486,-2.102166620890298,0.008265108493612025,,
362,0.029430329996379803,0.050472883039185436,0.11237429355218836,16.784333324432374,14.59500002861023,-2.189333295822145,0.008094135555548757,,
363,-0.004918218049674149,0.030216576633423996,0.030106334251624046,16.32800005276998,12.882500171661377,-3.445499881108603,0.005638219552351891,,
364,0.019469836644806976,0.026401309102023103,0.05030949019783136,16.182333374023436,12.37749981880188,-3.804833555221556,0.0058845509333176164,,
365,0.019469836644806976,0.026401309102023103,0.05030949019783136,16.182333374023436,12.37749981880188,-3.804833555221556,0.0058845509333176164,,
366,-0.0063878832222180985,-0.012266373601402352,-0.03275670940334356,13.833666674296062,13.937500238418579,0.10383356412251743,0.007588400142148904,,
367,-0.0063878832222180985,-0.012266373601402352,-0.03275670940334356,13.833666674296062,13.937500238418579,0.10383356412251743,0.007588400142148904,,
368,0.0013118179960685669,-0.023446484227132067,-0.07131230183491193,13.5753333568573,13.052500009536743,-0.5228333473205566,0.006516357112382356,,
369,0.0013118179960685669,-0.023446484227132067,-0.07131230183491193,13.5753333568573,13.052500009536743,-0.5228333473205566,0.006516357112382356,,
370,-0.006482461489191162,-0.05192483415076069,-0.02567805703351271,13.69700002670288,15.475000143051147,1.7780001163482666,0.007252097577289641,,
371,0.025993498409361028,0.04608207454667105,0.057446902840601576,14.570499960581461,14.262500047683716,-0.30799991289774553,0.007585803595774436,,
372,0.025993498409361028,0.04608207454667105,0.057446902840601576,14.570499960581461,14.262500047683716,-0.30799991289774553,0.007585803595774436,,
373,-0.009599819122932937,-0.010217733416235856,0.020684299090013153,14.683499892552694,12.267499923706055,-2.4159999688466396,0.005767743820391141,,
374,0.015904416354760455,0.013907919549633527,-0.0011690365005382966,14.338333241144817,12.34749984741211,-1.9908333937327072,0.004527608474253202,,
375,0.015904416354760455,0.013907919549633527,-0.0011690365005382966,14.338333241144817,12.34749984741211,-1.9908333937327072,0.004527608474253202,,
376,-0.05348184856810857,-0.014108648990936955,-0.020589418329633926,13.149999968210857,24.227499961853027,11.07749999364217,0.012873481619943774,,
377,-0.05348184856810857,-0.014108648990936955,-0.020589418329633926,13.149999968210857,24.227499961853027,11.07749999364217,0.012873481619943774,,
378,0.0009701840380600731,-0.025984390358267634,-0.00014661629651616624,15.219333346684774,16.137500047683716,0.9181667009989418,0.01045511482512422,,
379,0.01404241815926085,0.011143165169009867,0.025448221762430927,16.560833311080934,16.649999856948853,0.0891665458679185,0.007681849365341384,,
380,0.01404241815926085,0.011143165169009867,0.025448221762430927,16.560833311080934,16.649999856948853,0.0891665458679185,0.007681849365341384,,
381,-0.004416854951478128,0.0044023478527671,0.02699037457475846,17.007166639963785,17.079999685287476,0.07283304532369073,0.006730390924306495,,
382,-0.009364133094331274,0.013615230094084923,0.02407846397458895,17.125333293279013,18.84499979019165,1.7196664969126374,0.006457322864862747,,
383,0.0022996345880807135,-0.015733489951783572,-0.053368596234508486,18.46549997329712,14.954999923706055,-3.510500049591066,0.008164086258918289,,
384,0.0022996345880807135,-0.015733489951783572,-0.053368596234508486,18.46549997329712,14.954999923706055,-3.510500049591066,0.008164086258918289,,
385,-0.01730080559402542,-0.008147937968886564,-0.05819750575660284,18.347833251953126,15.59500002861023,-2.752833223342897,0.007357197020278614,,
386,-0.017324186933577505,-0.030666353430393964,-0.03770594322824948,17.33933334350586,21.71250057220459,4.37316722869873,0.009536621805527248,,
387,-0.017324186933577505,-0.030666353430393964,-0.03770594322824948,17.33933334350586,21.71250057220459,4.37316722869873,0.009536621805527248,,
388,-0.014344681375758898,-0.008698189960728894,-0.11152416985175037,16.72866676648458,16.862500190734863,0.13383342425028388,0.007818445692820333,,
389,-0.014344681375758898,-0.008698189960728894,-0.11152416985175037,16.72866676648458,16.862500190734863,0.13383342425028388,0.007818445692820333,,
390,-0.02301765035832474,-0.00820176815958671,-0.0946620724157106,16.433000151316325,25.59500026702881,9.162000115712484,0.013059746582437177,,
391,0.03218938074337506,0.024608124443319564,0.03935166906589228,17.8095001856486,19.114999771118164,1.3054995854695655,0.019158780208796057,,
392,0.03218938074337506,0.024608124443319564,0.03935166906589228,17.8095001856486,19.114999771118164,1.3054995854695655,0.019158780208796057,,
393,0.014299592267820183,-0.036440692116561486,0.12451119162031125,18.473333485921223,44.5600004196167,26.086666933695476,0.02907592169885195,,
394,-0.009945111935250772,0.06642689068813706,0.1720273906816704,20.50566685994466,31.669999599456787,11.164332739512126,0.025273836492917316,,
395,0.046964490404882875,0.05668984576796406,0.10513646990921413,23.820833492279053,21.579999446868896,-2.240834045410157,0.011892203411161636,,
396,0.046964490404882875,0.05668984576796406,0.10513646990921413,23.820833492279053,21.579999446868896,-2.240834045410157,0.011892203411161636,,
397,0.013054966023210112,0.016884244540717453,0.09011163358771962,24.56216680208842,17.824999809265137,-6.737166992823283,0.009812530643774197,,
398,0.02034497240270505,0.04469533872396148,0.09271763515506139,25.00583340326945,19.00499963760376,-6.000833765665689,0.008871049370680922,,
399,0.005948466651751629,0.02387549891117914,0.06782875953026012,25.033500099182127,18.035000324249268,-6.99849977493286,0.008039306418739992,,
400,0.013563267892711077,0.03583080803233465,0.006388541505960608,24.011333433787026,19.517499923706055,-4.493833510080972,0.0063843153607571375,,
401,0.013563267892711077,0.03583080803233465,0.006388541505960608,24.011333433787026,19.517499923706055,-4.493833510080972,0.0063843153607571375,,
402,0.0030984910024960412,-0.028475300300558087,-0.05501005726907949,20.402166652679444,15.547500133514404,-4.85466651916504,0.005526239903199151,,
403,-0.015783719184159065,-0.010772115918834453,-0.03895021338387478,19.052499993642172,17.524999618530273,-1.5275003751118987,0.006385182695884397,,
404,-0.015783719184159065,-0.010772115918834453,-0.03895021338387478,19.052499993642172,17.524999618530273,-1.5275003751118987,0.006385182695884397,,
405,0.011891970765090949,0.004528968398944433,0.014482644016219846,17.42799998919169,14.620000123977661,-2.807999865214029,0.006152272402801547,,
406,0.008116535316409905,0.002032402589885838,0.0035893504993236448,16.50316659609477,15.742500066757202,-0.7606665293375663,0.005086443533697078,,
407,0.008116535316409905,0.002032402589885838,0.0035893504993236448,16.50316659609477,15.742500066757202,-0.7606665293375663,0.005086443533697078,,
408,-0.01422625729363845,-0.01537444659794341,-0.04053255441069194,16.150499931971233,16.212499856948853,0.06199992497761997,0.005703628808797081,,
409,-0.02134069291462678,-0.016037211912252356,-0.07115841331581632,15.885333331425985,19.482500076293945,3.5971667448679607,0.008500858442086158,,
410,-0.0035357851242053253,0.021314308670348593,-0.0216473724247404,15.910833342870076,21.884999752044678,5.974166409174602,0.00864888623583939,,
411,-0.009175469933657927,-0.015473774919273141,-0.02574755579834519,16.5068333307902,17.110000133514404,0.6031668027242034,0.008729425187818971,,
412,-0.009175469933657927,-0.015473774919273141,-0.02574755579834519,16.5068333307902,17.110000133514404,0.6031668027242034,0.008729425187818971,,
413,0.0005843724924458741,-0.0063835454064350705,0.0067009687693257505,17.652500073115032,16.422499895095825,-1.230000178019207,0.007598574779041722,,
414,-0.006859794164979647,0.0040942358240388995,-0.010012143296666182,18.002166748046875,15.71500015258789,-2.2871665954589844,0.006553294245021745,,
415,-0.006859794164979647,0.0040942358240388995,-0.010012143296666182,18.002166748046875,15.71500015258789,-2.2871665954589844,0.006553294245021745,,
